Localidad;Temperatura;ppm;Peso_bollante;Volumen cm;Largo;Ancho ;Alto;Peso_total;Margen_crecimiento;Peso_seco_concha;Pseco_mb;Peso_libre_ceniza;r3;pendiente;extensi¢n_max;carga_max;ph Promedio (25øC);Salinidad;Temperatura ;Alcalinidad_total (æmol kg-1);pCO2 (æatm);?calcita;?aragonita
Quintay;10øC;500ppm;-0.0067;-1.732.228.226;0.050;0.240;0.010;0.288;0.624;0.586;0.0232;0.0039;0.9596;276;0.17547;49;799.475;32.425;10.75;2.341.210.252;2.845.317.768;2.852.151.616;1.782.977.997
Quintay;10øC;500ppm;-0.0008;0.946700119;-0.020;0.030;-0.200;0.180;0.570;0.392;0.0182;0.004;0.9384;244;0.36688;86;799.475;32.425;10.75;2.282.585.588;2.773.394.006;277.785.532;1.736.532.829
Quintay;10øC;500ppm;0.0339;-585.390.066;-0.200;0.630;0.600;0.058;0.558;0.309;0.0165;0.0028;0.9493;734;0.20375;135;8.018.375;32.8;10.5;2.400.913.065;2.761.856.477;306.737.586;1.919.238.755
Quintay;15øC;1500ppm;0.0188;-845.717.552;-0.550;0.670;0.340;0.194;0.586;0.456;0.0256;0.0048;0.954;728;0.19968;132;7.746.375;31.725;15.5;2.277.701.648;4.437.929.771;1.875.063.228;1.170.069.126
Quintay;15øC;1500ppm;0.0269;-3.365.306.974;0.340;0.420;0.310;0.042;0.426;0.377;0.0211;0.0042;0.9919;233;0.21172;44;7.746.375;31.725;15.5;2.270.273.438;4.423.423.693;1.868.753.247;1.166.131.598
Quintay;15øC;1500ppm;0.0555;-2.594.715.136;-0.030;0.000;0.390;0.163;0.486;0.326;0.0231;0.0041;0.9898;441;0.21047;85;784.275;32.225;15.4;2.326.660.171;3.511.568.631;2.381.293.275;1.487.890.545
Quintay;10øC;1500ppm;0.0302;-1.350.909.916;-2.310;-0.080;0.750;0.116;0.540;0.458;0.0327;0.0052;0.9793;519;0.17016;78;7.651;32.575;10.6;1.983.423.193;591.424.838;113.813.882;0.711748265
Quintay;15øC;1500ppm;0.0169;-0.027367738;0.370;0.300;-0.040;0.089;0.350;0.126;0.0085;0.0028;0.9429;338;0.18515;61;784.275;32.225;15.4;2.327.863.037;3.513.387.897;2.382.572.572;1.488.689.882
Quintay;10øC;500ppm;-0.0003;-0.76294464;0.060;0.150;0.000;0.244;0.498;0.461;0.0275;0.0062;0.9046;358;0.42765;142;80.905;31.75;10.8;230.964.649;2.179.546.659;338.230.452;2.110.752.232
Quintay;15øC;1500ppm;-0.0012;-1.730.469.323;-0.020;0.620;-0.320;0.155;0.634;0.671;0.0327;0.0049;0.9876;470;0.59016;286;7.777.375;31.475;16;2.336.868.346;4.122.151.713;2.086.260.747;1.300.978.001
Quintay;10øC;1500ppm;0.0256;-5.613.664.954;0.240;0.690;0.440;0.087;0.640;0.443;0.0188;0.0029;0.9669;444;0.21062;81;781.375;32.925;10.5;2.316.039.204;4.552.422.177;1.921.871.781;1.202.850.371
Quintay;15øC;1500ppm;-0.0047;-5.131.702.502;-0.220;0.280;0.550;0.136;0.458;0.272;0.0141;0.0027;0.898;449;0.15797;69;7.777.375;31.475;16;2.292.987.167;4.044.643.007;2.045.749.608;1.275.715.531
Quintay;15øC;1500ppm;0.0167;0.133799461;-0.090;-0.210;0.070;0.049;0.308;0.087;0.0112;0.0064;0.9784;306;0.15718;44;770.775;32.2;15.3;1.888.990.896;4.089.829.015;1.421.236.802;0.887967852
Quintay;15øC;1500ppm;0.0194;-840.462.381;-0.540;0.100;0.750;0.056;0.616;0.551;0.0268;0.0059;0.9835;343;0.32688;110;770.775;32.2;15.3;1.916.529.263;4.149.753.435;144.265.605;0.901350283
Quintay;15øC;1500ppm;0.0238;-1.237.947.211;-1.370;0.420;1.130;0.092;0.576;0.323;0.0158;0.0025;0.9837;434;0.20156;78;7.840.125;31.625;16;2.136.018.581;3.184.367.791;2.184.942.486;1.363.072.499
Quintay;15øC;1500ppm;0.0117;-6.507.146.846;-0.250;0.820;0.450;0.070;0.640;0.317;0.017;0.0025;0.9716;533;0.10953;53;7.840.125;31.625;16;2.092.066.811;311.867.913;2.138.103.564;133.385.212
Quintay;15øC;1500ppm;0.0306;1.766.874.316;0.170;-0.280;-0.380;0.092;0.516;0.124;0.0051;0.0007;0.9801;362;0.14781;48;773.025;32.35;15.4;2.021.101.059;4.104.828.725;1.612.205.755;1.007.659.412
Quintay;15øC;500ppm;0.0089;6.223.554.355;0.100;0.170;-1.120;0.142;0.424;0.360;0.0143;0.0032;0.9239;410;0.2564;109;8.043.625;32;15;2.264.615.624;2.026.174.971;3.452.765.591;2.156.137.053
Quintay;15øC;500ppm;0.0135;-0.488391455;-0.440;0.230;-0.250;0.062;0.302;0.146;0.0087;0.0011;0.9022;312;0.0925;28;8.019.875;32.4;15.23;235.829.767;2.222.844.107;3.482.423.185;2.176.849.055
Quintay;10øC;1500ppm;0.0259;-1.201.480.892;-1.000;1.070;0.250;0.113;0.432;0.410;0.0301;0.0046;0.9436;455;0.15876;69;76.595;32.025;10.9;2.297.232.755;665.964.527;1.346.773.574;0.841069432
Quintay;15øC;500ppm;0.0243;-6.580.052.371;-0.430;0.290;0.380;0.155;0.696;0.725;0.0264;0.0046;0.9994;609;0.33578;197;81.435;31.05;15.8;2.349.646.771;1.554.958.367;4.403.017.391;2.742.406.012
Quintay;15øC;500ppm;-0.003;1.797.430.954;-0.020;-0.080;-0.270;0.084;0.632;0.465;0.0132;0.0032;0.8415;132;0.54328;80;79.425;32.375;15.2;2.282.672.244;265.649.682;2.870.471.542;1.794.210.209
Quintay;10øC;1500ppm;0.0135;-1.563.355.057;-3.120;0.620;1.620;0.026;0.422;0.223;0.0106;0.0023;0.9856;445;0.16094;65;7.640.625;32.825;10.4;1.891.297.183;5.822.347.733;1.057.160.004;0.661497101
Quintay;15øC;500ppm;0.016;-4.955.175.219;-0.220;0.010;0.680;0.182;0.464;0.324;0.0164;0.0038;0.9847;207;0.11547;23;81.435;31.05;15.8;2.349.646.771;1.554.958.367;4.403.017.391;2.742.406.012
Quintay;15øC;500ppm;-0.0036;-372.137.414;-0.400;1.220;-0.150;-0.001;0.500;0.170;0.0098;0.002;0.8529;287;0.22203;68;79.425;32.375;15.2;2.282.672.244;265.649.682;2.870.471.542;1.794.210.209
Quintay;10øC;500ppm;0.0357;-4.875.731.042;0.340;0.340;0.640;0.145;0.648;0.498;0.0227;0.0044;0.9192;613;0.18859;107;80.905;31.75;10.8;2.377.678.283;2.244.554.512;3.486.575.124;2.175.823.076
Quintay;15øC;500ppm;0.0181;-7.939.821.082;-0.460;0.600;0.320;0.096;0.716;0.548;0.0293;0.005;0.9931;527;0.28328;138;80.455;31.825;15.8;1.931.834.259;1.662.580.977;2.993.171.672;1.868.282.312
Quintay;15øC;500ppm;0.0039;-4.832.257.826;0.290;0.270;0.690;0.023;0.892;0.488;0.0159;0.0031;0.9298;323;0.59094;235;805.625;32.85;15.4;2.000.759.724;1.685.671.006;3.183.660.021;1.992.227.954
Quintay;10øC;1500ppm;-0.004;-7.885.775.527;0.010;0.770;0.390;0.173;0.702;0.539;0.0254;0.0054;0.9509;225;0.80656;215;780.025;32.3;10.9;1.935.465.082;3.890.110.505;1.553.954.128;0.971130679
Quintay;10øC;1500ppm;-0.0011;0.025391966;0.140;-0.040;0.100;0.120;0.468;0.366;0.0197;0.0044;0.9787;426;0.12203;48;7.651;32.575;10.6;1.961.586.601;5.848.597.216;1.125.344.904;0.703747441
Quintay;10øC;500ppm;0.0043;-0.805088966;-0.190;0.110;0.220;0.033;0.346;0.066;0.004;0.0009;0.9921;409;0.11329;43;80.535;32.525;11;2.368.609.249;2.433.554.079;328.546.813;2.054.358.274
Quintay;15øC;500ppm;0.0352;-8.017.828.813;-0.860;-0.310;1.320;0.122;0.390;0.254;0.0187;0.0026;0.9527;180;0.11391;20;812.675;32.825;14.7;2.302.453.653;1.647.090.106;4.146.071.769;2.594.322.945
Quintay;10øC;1500ppm;0.0087;-9.185.653.427;-3.190;0.400;0.620;0.107;0.490;0.206;0.0067;0.0021;0.9898;416;0.13453;50;7.644.875;32.7;10.8;228.069.447;6.859.616.945;130.573.925;0.816801918
Quintay;15øC;500ppm;0.0286;-4.165.651.442;1.590;0.190;1.660;-0.083;0.358;0.216;0.0163;0.0027;0.9615;536;0.135;63;8.043.625;32;15;2.264.615.624;2.026.174.971;3.452.765.591;2.156.137.053
Quintay;10øC;500ppm;-0.0015;-0.760154813;-0.040;-0.090;0.150;0.230;0.582;0.594;0.0324;0.007;0.8743;156;0.20515;31;80.535;32.525;11;2.358.300.487;2.422.844.569;3.270.531.312;2.045.018.486
Quintay;10øC;500ppm;0.004;-336.578.911;0.220;0.100;0.590;0.107;0.584;0.399;0.0228;0.0038;0.9903;601;0.24516;126;7.982.125;32.95;10.4;1.931.399.445;2.447.545.975;226.752.194;1.419.264.925
Quintay;10øC;1500ppm;-0.0014;-2.798.194.044;-0.070;-0.090;0.380;0.090;0.540;0.533;0.01;0.0014;0.9316;328;0.19547;59;765.275;32.975;10.8;2.287.169.168;673.017.762;1.340.074.243;0.838813711
Quintay;10øC;1500ppm;0.0275;-4.859.192.662;0.150;-0.160;0.830;0.196;0.414;0.409;0.0271;0.0037;0.9887;665;0.09969;65;765.275;32.975;10.8;2.286.169.785;6.727.217.027;1.339.477.404;0.838440122
Quintay;10øC;500ppm;0.0241;-3.992.443.181;-0.130;0.480;0.330;0.115;0.350;0.209;0.0171;0.0034;0.9489;185;0.15859;31;7.982.125;32.95;10.4;1.942.010.413;2.461.178.699;2.280.556.483;1.427.423.377
Quintay;15øC;500ppm;0.025;-4.204.009.515;-0.650;-0.240;0.570;0.079;0.684;0.532;0.0273;0.0049;0.8804;515;0.17125;84;81.435;31.05;15.8;2.374.753.605;157.175.235;4.452.848.914;2.773.443.425
Quintay;10øC;1500ppm;0.0123;-7.549.479.392;-0.230;-0.320;1.680;0.095;0.612;0.376;0.0215;0.0031;0.9706;793;0.21125;154;765.275;32.975;10.8;2.286.169.785;6.727.217.027;1.339.477.404;0.838440122
Quintay;10øC;1500ppm;0.0191;-1.851.458.882;-0.460;0.360;-0.010;0.057;0.392;0.158;0.012;0.0017;0.8467;293;0.27703;81;7.644;32.925;10.9;2.286.172.588;6.856.908.819;1.316.155.017;0.823747747
Quintay;15øC;1500ppm;-0.0005;7.730.166.129;0.100;-0.450;-0.570;0.190;0.622;0.642;0.0184;0.0029;0.9822;768;0.16063;111;773.025;32.35;15.4;2.008.235.912;4.078.594.569;1.601.591.903;1.001.025.551
Quintay;15øC;1500ppm;-0.0004;1.857.864.775;-0.090;-0.310;-0.100;0.183;0.498;0.319;0.0029;0.0002;0.9729;489;0.18797;83;774.225;32.85;15.5;2.314.494.556;452.264.378;1.928.318.278;120.667.708
Quintay;15øC;500ppm;0.0054;-3.835.607.968;0.230;0.380;0.400;0.205;0.626;0.399;0.0207;0.0044;0.8761;226;0.535;149;8.019.875;32.4;15.23;2.351.340.861;2.216.245.718;3.471.622.465;2.170.097.568
Quintay;15øC;1500ppm;0.02;-7.997.918.743;-0.620;0.240;0.570;0.076;0.594;0.537;0.026;0.0048;0.9052;240;0.75281;222;773.575;31.95;15.3;2.308.247.401;4.653.445.189;185.227.128;1.156.531.885
Quintay;15øC;500ppm;0.0244;-4.665.940.902;0.030;0.780;0.250;0.090;0.504;0.314;0.0174;0.0037;0.9472;581;0.13078;69;81.435;31.05;15.8;2.374.753.605;157.175.235;4.452.848.914;2.773.443.425
Quintay;15øC;500ppm;0.4015;0.250668293;-0.050;0.250;-0.260;0.101;0.578;0.427;0.0122;0.0023;0.9738;265;0.13344;32;79.425;32.375;15.2;2.260.673.149;2.630.783.773;2.841.509.585;1.776.107.316
Quintay;15øC;1500ppm;0.0289;-2.441.971.971;-0.160;0.030;0.320;0.158;0.410;0.286;0.0226;0.005;0.9026;410;0.13;55;7.746.375;31.725;15.5;2.277.701.648;4.437.929.771;1.875.063.228;1.170.069.126
Quintay;15øC;500ppm;-0.002;-3.549.788.589;0.270;0.500;0.110;0.302;0.676;0.667;0.0323;0.0065;0.9263;204;0.58532;139;8.047.666.667;3.226.666.667;15.4;2.300.921.407;1.997.541.872;3.597.926.635;2.248.307.505
Quintay;15øC;500ppm;0.0193;-5.696.159.076;-0.140;0.200;0.570;0.085;0.512;0.417;0.0111;0.0034;0.9467;97;0.41562;41;8.010.333.333;3.273.333.333;15.1;2.312.599.614;2.243.046.257;335.068.556;2.096.177.357
Quintay;10øC;1500ppm;-0.0023;1.617.363.425;0.090;-0.040;-0.110;0.183;0.598;0.606;0.0296;0.0061;0.867;267;0.30016;85;7.644.875;32.7;10.8;2.268.420.644;6.822.451.393;1.298.581.504;0.812324408
Quintay;10øC;500ppm;0.0392;-374.017.332;0.290;0.250;0.520;0.068;0.422;0.335;0.0217;0.0039;0.9869;298;0.15438;44;800.975;33.275;10.6;1.998.606.805;2.329.325.713;2.515.312.539;1.575.498.759
Quintay;15øC;500ppm;0.0187;-7.789.100.412;-0.200;0.820;0.590;0.092;0.554;0.316;0.0186;0;1;282;1;18.850.617;80.455;31.825;15.8;1.900.222.425;1.635.063.926;2.941.126.283;1.835.796.544
Quintay;10øC;500ppm;-0.0021;-4.559.824.602;-0.130;0.450;0.500;0.106;0.342;0.182;0.0108;0.0023;1;332;0;38;800.975;33.275;10.6;200.504.802;2.336.940.201;2.523.809.446;1.580.820.907
Quintay;15øC;1500ppm;0.027;-4.537.161.673;-0.120;0.410;0.400;0.105;0.352;0.270;0.0192;0.0037;0.8701;338;0.16813;61;77.175;32.425;15.1;2.288.255.155;4.861.140.403;1.766.385.524;1.104.228.297
Quintay;15øC;500ppm;0.023;-131.259.536;-0.540;0.200;-0.080;0.109;0.358;0.160;0.0115;0.0031;0.9942;134;0.14391;19;805.625;32.85;15.4;2.082.967.604;1.755.766.941;3.322.750.831;207.926.633
Quintay;10øC;1500ppm;0.0009;-0.636815403;-0.040;-0.200;0.250;0.130;0.630;0.550;0.0227;0.004;0.9973;857;0.31141;253;765.275;32.975;10.8;2.287.169.168;673.017.762;1.340.074.243;0.838813711
Quintay;10øC;1500ppm;0.1076;9.332.846.914;2.030;-1.900;1.060;0.227;0.450;0.356;0.0239;0.0046;0.9817;287;0.17938;47;7.651;32.575;10.6;1.983.423.193;591.424.838;113.813.882;0.711748265
Quintay;15øC;500ppm;0.0248;-3.963.740.901;-0.420;-0.010;0.370;0.121;0.644;0.480;0.0277;0.0054;0.9836;369;0.37734;124;812.675;32.825;14.7;2.343.447.901;1.676.793.955;4.224.320.939;2.643.285.825
Quintay;10øC;500ppm;0.0016;-6.339.296.765;-0.150;0.750;-0.060;0.247;0.656;0.784;0;0;1;293;0;7.764.579;8.103.375;32.725;10;2.345.651.721;21.950.814;3.491.862.634;218.445.449
Quintay;10øC;1500ppm;0.0161;-5.808.647.985;-0.170;0.410;0.290;0.033;0.824;0.655;0.0304;0.0029;0.9673;422;0.36047;157;781.375;32.925;10.5;2.310.505.015;45.414.716;1.917.146.955;1.199.893.223
Quintay;15øC;500ppm;0.0014;216.696.424;0.280;-0.160;-0.060;0.111;0.394;0.160;0.0187;0.004;0.9308;305;0.3189;103;8.043.625;32;15;2.279.124.666;2.039.258.544;3.476.075.272;2.170.693.172
Quintay;15øC;1500ppm;-0.0043;-0.513675531;0.100;0.320;-0.170;0.184;0.560;0.492;0.0276;0.0062;0.9864;544;0.19672;94;774.225;32.85;15.5;2.314.494.556;452.264.378;1.928.318.278;120.667.708
Quintay;10øC;1500ppm;0.0205;-5.721.630.923;-0.430;0.340;0.310;0.160;0.542;0.458;0.0321;0.0068;0.978;708;0.15343;93;76.595;32.025;10.9;2.301.644.276;6.672.515.854;1.349.408.814;0.842715158
Quintay;15øC;1500ppm;0.0032;-1.269.280.567;0.060;0.330;-0.090;0.249;0.776;0.608;0.0231;0.0042;0.993;699;0.24359;160;7.746.375;31.725;15.5;2.277.701.648;4.437.929.771;1.875.063.228;1.170.069.126
Quintay;10øC;1500ppm;0.0127;-1.293.876.355;0.030;-0.370;0.550;0.129;0.624;0.436;0;0;1;427;0;113;7.640.625;32.825;10.4;1.886.266.353;5.806.720.641;1.054.288.363;0.659700228
Quintay;15øC;500ppm;0.0121;-7.354.452.903;-0.030;0.860;0.510;0.104;0.500;0.349;0.009;0.0003;0.9657;204;0.27438;47;8.047.666.667;3.226.666.667;15.4;2.322.596.692;2.016.503.314;3.633.672.503;2.270.644.731
Quintay;15øC;500ppm;0.1989;-0.279097016;0.010;0.450;-0.230;0.151;0.406;0.286;0.0098;0.0027;0.932;270;0.18593;53;8.010.333.333;3.273.333.333;15.1;2.319.339.985;2.249.627.236;3.360.957.467;2.102.603.426
Quintay;10øC;500ppm;-0.0024;-5.957.770.939;0.090;0.160;1.150;0.086;0.608;0.344;0.0128;0.0023;0.9803;628;0.15984;92;803.425;32.775;10.8;2.316.854.763;2.522.150.603;3.080.715.667;1.927.473.107
Quintay;10øC;1500ppm;0.0083;-2.292.077.582;-3.160;2.480;2.390;0.183;0.590;0.312;0.0201;0.0029;0.93;590;0.24906;140;780.025;32.3;10.9;1.917.993.249;3.854.695.953;1.539.471.578;0.962079929
Quintay;15øC;1500ppm;0.0118;-5.347.837.494;-0.120;0.540;0.540;0.103;0.754;0.317;0.014;0.002;0.9341;360;0.43781;168;784.275;32.225;15.4;2.326.660.171;3.511.568.631;2.381.293.275;1.487.890.545
Quintay;10øC;500ppm;0.0083;0.171303747;-0.130;-0.250;0.050;0.048;0.282;0.075;0.0045;0.0002;1;261;0;28;8.006.666.667;3.303.333.333;10.7;2.293.016.645;2.692.673.683;288.389.231;1.805.398.039
Quintay;10øC;1500ppm;-0.0034;2.626.602.464;-0.020;-0.060;-0.370;0.140;0.658;0.462;0.0172;0.0034;0.9656;474;0.46234;197;7.651;32.575;10.6;1.983.423.193;591.424.838;113.813.882;0.711748265
Quintay;10øC;500ppm;-0.0023;-2.102.590.053;-0.100;0.010;0.200;0.391;0.710;0.732;0.0298;0.0073;0.9916;452;0.19468;84;8.006.666.667;3.303.333.333;10.7;2.317.440.282;2.721.659.999;2.915.921.179;1.825.449.015
Quintay;10øC;500ppm;-0.0051;4.833.382.741;-0.040;-1.540;0.710;0.220;0.604;0.485;0.0244;0.0049;0.9704;229;0.32922;72;7.981.833.333;3.283.333.333;10.7;2.282.237.292;2.866.835.783;2.718.234.292;1.700.914.537
Quintay;10øC;500ppm;0;-6.891.633.022;0.020;1.210;0.080;0.152;0.434;0.373;0.022;0.0055;0.969;579;0.12156;61;799.475;32.425;10.75;2.341.210.252;2.845.317.768;2.852.151.616;1.782.977.997
Quintay;10øC;1500ppm;0.0096;-1.031.613.222;0.520;1.320;0.890;0.169;0.498;0.421;0.0172;0.0033;0.9896;410;0.30797;121;7.644.875;32.7;10.8;228.069.447;6.859.616.945;130.573.925;0.816801918
Quintay;15øC;500ppm;0.0009;-1.091.160.676;0.170;0.510;0.010;0.021;0.392;0.164;0.01;0.0014;0.9749;313;0.2361;76;8.019.875;32.4;15.23;235.829.767;2.222.844.107;3.482.423.185;2.176.849.055
Quintay;15øC;1500ppm;0.0093;-14.660.799;0.080;1.200;-0.400;0.060;0.334;0.099;0.0049;0.001;0.96;564;0.1725;89;7.777.375;31.475;16;2.336.868.346;4.122.151.713;2.086.260.747;1.300.978.001
Quintay;15øC;500ppm;0.0158;-3.235.837.824;0.300;0.480;0.230;-0.037;0.730;0.471;0.0314;0.0062;0.7032;96;0.465;50;81.435;31.05;15.8;2.349.646.771;1.554.958.367;4.403.017.391;2.742.406.012
Quintay;15øC;500ppm;0.1211;-9.265.644.466;-0.920;0.340;1.030;0.289;0.426;0.263;0.0136;0.0036;0.9079;453;0.13672;60;79.425;32.375;15.2;2.282.672.244;265.649.682;2.870.471.542;1.794.210.209
Quintay;15øC;500ppm;0.0106;-1.217.444.819;0.480;1.130;-0.260;0.076;0.422;0.143;0.0086;0.0016;0.992;390;0.18093;63;80.455;31.825;15.8;1.931.834.259;1.662.580.977;2.993.171.672;1.868.282.312
Quintay;10øC;500ppm;-0.001;-0.207509873;0.070;0.520;-0.330;0.035;0.548;0.288;0.0098;0.002;0.9664;325;0.20406;68;799.475;32.425;10.75;2.282.585.588;2.773.394.006;277.785.532;1.736.532.829
Quintay;10øC;500ppm;0.0012;3.706.244.238;-0.010;-0.270;-0.220;0.126;0.468;0.544;0;0;1;494;0;7.057.807;8.018.375;32.8;10.5;2.400.913.065;2.761.856.477;306.737.586;1.919.238.755
Quintay;10øC;500ppm;0.0152;-7.895.098.103;-0.550;0.210;0.710;0.215;0.562;0.459;0.0049;0.0012;0.8181;265;0.42469;114;8.018.375;32.8;10.5;2.390.886.986;2.750.205.135;3.054.040.667;1.910.895.004
Quintay;15øC;1500ppm;0.0379;-5.286.915.507;-0.430;0.160;0.390;0.138;0.466;0.372;0.0217;0.0041;0.9721;569;0.20297;110;770.775;32.2;15.3;1.888.990.896;4.089.829.015;1.421.236.802;0.887967852
Quintay;10øC;1500ppm;0.01;-1.556.211.716;-0.430;0.590;-0.270;0.109;0.324;0.168;0;0;1;433;0;45;7.644;32.925;10.9;2.282.682.961;6.846.371.818;1.314.108.192;0.822466692
Quintay;15øC;1500ppm;0.0111;-4.192.928.915;0.230;0.450;0.410;0.120;0.688;0.438;0.0167;0.0016;0.983;363;0.24203;90;7.840.125;31.625;16;2.136.018.581;3.184.367.791;2.184.942.486;1.363.072.499
Quintay;10øC;500ppm;0.0125;-307.230.654;0.330;0.080;0.570;0.057;0.470;0.363;0.0192;0.0045;0.9389;558;0.14016;72;80.905;31.75;10.8;230.964.649;2.179.546.659;338.230.452;2.110.752.232
Quintay;10øC;1500ppm;0.0223;-7.098.899.356;-0.400;0.390;0.460;0.197;0.636;0.512;0;0;1;669;0.19219;125;7.644.875;32.7;10.8;228.069.447;6.859.616.945;130.573.925;0.816801918
Quintay;10øC;1500ppm;0.0301;-2.509.580.777;-0.480;1.110;-0.470;0.069;0.446;0.217;0.0108;0.0011;0.911;275;0.4175;121;765.275;32.975;10.8;2.286.169.785;6.727.217.027;1.339.477.404;0.838440122
Quintay;15øC;1500ppm;0.0167;-8.617.529.877;0.060;1.250;0.610;0.066;0.366;0.224;0.0189;0.0035;0.7807;231;0.1286;32;773.025;32.35;15.4;2.021.101.059;4.104.828.725;1.612.205.755;1.007.659.412
Quintay;15øC;1500ppm;0.0194;-1.249.219.275;0.130;1.050;-0.260;0.079;0.358;0.115;0;0;1;440;0.06953;2.890.177;774.225;32.85;15.5;2.305.865.588;4.505.741.568;1.920.895.309;1.202.032.034
Quintay;10øC;500ppm;0.0282;-5.955.141.796;0.000;0.440;0.750;0.103;0.332;0.239;0;0;1;150;0;11;80.905;31.75;10.8;2.377.678.283;2.244.554.512;3.486.575.124;2.175.823.076
Quintay;10øC;500ppm;0.0261;-7.433.992.704;-0.520;0.180;0.520;0.163;0.702;0.656;0;0;1;369;0;47;80.535;32.525;11;2.368.609.249;2.433.554.079;328.546.813;2.054.358.274
Quintay;15øC;1500ppm;0.0158;-3.452.350.621;-0.100;0.200;0.440;0.157;0.506;0.265;0.0119;0.0024;0.9945;607;0.11453;61;773.575;31.95;15.3;-1.619.594.178;-3.253.141.184;-1.353.849.449;-8.453.243.719
Quintay;15øC;1500ppm;0.041;12.257.304;0.070;-0.530;0.000;0.041;0.356;0.097;0;0;1;428;0.14375;55;774.225;32.85;15.5;2.314.494.556;452.264.378;1.928.318.278;120.667.708
Quintay;10øC;500ppm;0.0189;-1.228.654.201;0.520;0.320;0.180;0.063;0.656;0.478;0;0;1;209;0;35;7.982.125;32.95;10.4;1.931.399.445;2.447.545.975;226.752.194;1.419.264.925
Quintay;10øC;500ppm;0.0078;-0.68292287;-0.070;0.400;-0.150;0.024;0.418;0.187;0;0;1;335;0;73;800.975;33.275;10.6;1.998.606.805;2.329.325.713;2.515.312.539;1.575.498.759
Chilo‚;10øC;500ppm;0.0082;1.371.221.086;0.110;0.080;0.310;0.016;0.240;0.127;0.0133;0.0011;0.98271;159;0.18578;33;7.937;30.87;11.19;2.146.492.518;4.307.197.137;2.670.750.188;1.686.996.778
Chilo‚;10øC;500ppm;0.0065;1.772.668.997;0.400;0.210;0.020;0.001;0.322;0.224;0.023;0.0016;1;391;0;59;7.937;30.87;11.19;3.607.929.733;7.272.231.326;4.555.709.065;2.877.643.348
Chilo‚;10øC;500ppm;0.0029;-0.024570081;0.040;-0.280;0.170;0.007;0.418;0.092;0.0063;0.0009;0.81257;468;0.16391;76;7.937;30.87;11.19;2.440.439.834;4.904.181.459;3.049.521.555;1.926.250.182
Chilo‚;10øC;500ppm;-0.00105;0.768002803;0.070;0.530;0.030;0.022;0.312;0.061;0.0042;0.0004;0.97631;525;0.12859;72;7.937;30.87;11.19;3.423.130.557;6.897.620.974;4.317.165.812;2.726.965.946
Chilo‚;10øC;500ppm;0.0033;116.414.671;0.230;0.340;0.170;0.005;0.284;0.078;0.0087;0.0012;0.91314;177;0.16891;33;7.937;30.87;11.19;3.979.821.549;8.025.931.038;5.035.857.696;3.180.932.362
Chilo‚;10øC;500ppm;0.0061;0.803372768;0.220;0.280;0.080;0.006;0.292;0.067;0.0063;0.0006;0.94746;694;0.11922;79;7.937;30.87;11.19;2.405.764.693;4.833.781.102;3.004.827.156;1.898.018.673
Chilo‚;10øC;500ppm;-0.0093;1.277.701.545;0.030;0.370;0.070;0.014;0.278;0.126;0.0132;0.0015;1;293;0;39;7.937;30.87;11.19;4.155.348.465;8.381.598.067;5.262.520.189;3.324.105.205
Chilo‚;10øC;500ppm;-0.0258;2.326.853.291;0.060;0.150;0.570;0.002;0.372;0.156;0.0193;0.0011;0.98904;237;0.19188;49;7.937;30.87;11.19;3.019.735.276;6.079.644.367;3.796.599.736;2.398.146.988
Chilo‚;10øC;500ppm;0.0025;0.130236147;0.000;0.040;0.020;0.007;0.250;0.092;0.0093;0.0007;0.84394;397;0.09891;38;7.937;30.87;11.19;2.969.165.676;5.977.074.997;3.731.358.216;2.356.936.757
Chilo‚;10øC;500ppm;0.0043;1.724.878.616;0.060;0.320;0.690;0.004;0.186;0.069;0.0049;0;0.93258;390;0.10656;41;7.937;30.87;11.19;3.607.929.733;7.272.231.326;4.555.709.065;2.877.643.348
Chilo‚;10øC;500ppm;0.0022;2.067.275.269;0.130;0.210;1.010;-0.003;0.352;0.074;0.0056;0.001;0.84536;288;0.18172;52;7.937;30.87;11.19;2.440.439.834;4.904.181.459;3.049.521.555;1.926.250.182
Chilo‚;10øC;500ppm;0.0033;2.206.855.051;0.350;0.460;1.120;0.006;0.198;0.044;0.0039;0.0007;0.98869;497;0.11625;57;7.937;30.87;11.19;3.423.130.557;6.897.620.974;4.317.165.812;2.726.965.946
Chilo‚;10øC;500ppm;0.003;2.272.969.133;0.130;0.300;0.840;0.007;0.464;0.103;0.0106;0.0014;0.95483;258;0.25969;65;7.937;30.87;11.19;2.486.665.072;4.998.023.547;3.109.108.282;1.963.888.527
Chilo‚;10øC;500ppm;0.0034;0.970954066;0.050;0.120;0.280;0.005;0.244;0.078;0.0074;0.0008;0.72175;235;0.13375;38;7.937;30.87;11.19;3.979.821.549;8.025.931.038;5.035.857.696;3.180.932.362
Chilo‚;10øC;500ppm;-0.0032;-4.551.482.878;0.000;0.450;-1.740;0.000;0.296;0.135;0.0109;0.0014;0.75957;248;0.20641;54;7.937;30.87;11.19;2.405.764.693;4.833.781.102;3.004.827.156;1.898.018.673
Chilo‚;10øC;500ppm;0.0037;0.847088602;0.030;-0.180;0.360;-0.010;0.390;0.202;0.0213;0.002;0.93999;589;0.12563;74;7.937;30.87;11.19;4.155.348.465;8.381.598.067;5.262.520.189;3.324.105.205
Chilo‚;10øC;500ppm;0.0002;2.126.242.459;0.390;0.630;0.150;0.008;0.398;0.117;0.0113;0.0008;0.90361;407;0.22312;92;7.937;30.87;11.19;3.019.735.276;6.079.644.367;3.796.599.736;2.398.146.988
Chilo‚;10øC;500ppm;0.0035;2.679.868.712;0.100;0.390;0.800;0.006;0.242;0.090;0.0124;0.0016;0.93065;434;0.12891;62;7.937;30.87;11.19;2.969.165.676;5.977.074.997;3.731.358.216;2.356.936.757
Chilo‚;10øC;500ppm;0.0012;2.172.250.116;0.250;1.260;0.480;0.002;0.218;0.042;0.0047;0.0005;0.7454;209;0.1086;25;7.937;30.87;11.19;2.146.492.518;4.307.197.137;2.670.750.188;1.686.996.778
Chilo‚;10øC;500ppm;0.0062;3.025.291.027;0.130;0.290;1.080;0.013;0.254;0.074;0.0116;0.0014;0.98113;137;0.09828;14;7.937;30.87;11.19;3.607.929.733;7.272.231.326;4.555.709.065;2.877.643.348
Chilo‚;10øC;500ppm;0.0034;2.461.204.011;0.000;0.910;0.590;0.021;0.222;0.066;0.0068;0.0007;0.90595;412;0.10531;43;7.937;30.87;11.19;2.440.439.834;4.904.181.459;3.049.521.555;1.926.250.182
Chilo‚;10øC;500ppm;0.014;1.494.855.027;0.060;0.290;0.230;0.010;0.318;0.121;0.0162;0.0009;0.95664;461;0.16125;79;7.937;30.87;11.19;3.423.130.557;6.897.620.974;4.317.165.812;2.726.965.946
Chilo‚;10øC;500ppm;0.0049;2.280.151.946;0.100;0.170;0.550;0.015;0.384;0.145;0.0145;0.0014;0.98527;379;0.09656;39;7.937;30.87;11.19;2.486.665.072;4.998.023.547;3.109.108.282;1.963.888.527
Chilo‚;10øC;500ppm;0.0023;2.049.535.776;0.060;0.630;0.030;0.290;0.416;0.190;0.0232;0.0022;0.81957;347;0.22844;76;7.937;30.87;11.19;3.979.821.549;8.025.931.038;5.035.857.696;3.180.932.362
Chilo‚;10øC;500ppm;0.0023;3.074.712.283;0.230;1.090;0.720;0.004;0.288;0.100;0.0086;0.0008;0.94018;511;0.15765;80;7.937;30.87;11.19;2.405.764.693;4.833.781.102;3.004.827.156;1.898.018.673
Chilo‚;10øC;500ppm;0.0237;2.954.584.507;0.100;0.940;0.930;0.053;0.384;0.079;0.0049;1,00E-04;0.88209;214;0.1975;42;7.937;30.87;11.19;4.155.348.465;8.381.598.067;5.262.520.189;3.324.105.205
Chilo‚;10øC;500ppm;0.0043;1.867.058.737;0.050;0.370;0.670;0.009;0.298;0.063;0.0052;0.0008;0.94648;315;0.07734;26;7.937;30.87;11.19;3.019.735.276;6.079.644.367;3.796.599.736;2.398.146.988
Chilo‚;10øC;500ppm;0.0034;2.557.396.613;0.120;0.740;0.530;-0.001;0.212;0.079;0.0093;0.001;0.93551;508;0.12156;57;7.937;30.87;11.19;2.969.165.676;5.977.074.997;3.731.358.216;2.356.936.757
Chilo‚;10øC;500ppm;0.0059;1.402.420.335;0.110;0.560;0.290;0.009;0.258;0.073;0.0081;0.0005;0.90842;270;0.16265;43;7.937;30.87;11.19;2.146.492.518;4.307.197.137;2.670.750.188;1.686.996.778
Chilo‚;10øC;1500ppm;-0.0066;0.812099456;-0.170;0.200;0.170;0.005;0.354;0.170;0.0189;0.002;0.79995;251;0.16828;43;7.604;30.90;10.03;2.982.290.596;139.741.339;1.754.625.971;1.106.147.685
Chilo‚;10øC;1500ppm;0.0023;1.047.499.227;0.170;0.570;-0.250;0.007;0.280;0.138;0.014;0.0012;0.96442;242;0.13781;38;7.604;30.90;10.03;2.869.607.721;1.344.157.813;1.687.762.441;1.063.995.717
Chilo‚;10øC;1500ppm;0.0047;1.234.155.648;0.060;0.020;0.370;0.011;0.268;0.118;0.0122;0.0012;0.90305;261;0.09703;26;7.604;30.90;10.03;3.385.263.655;1.587.864.546;1.993.741.048;1.256.890.119
Chilo‚;10øC;1500ppm;0.0019;4.003.489.952;0.160;1.150;0.690;0.006;0.252;0.096;0.0109;0.0011;1;285;0;28;7.604;30.90;10.03;3.280.806.517;1.538.496.499;1.931.758.582;1.217.815.261
Chilo‚;10øC;1500ppm;-0.0038;1.267.669.831;0.110;0.310;0.510;-0.008;0.248;0.056;0.0053;0.0009;1;402;0;49;7.604;30.90;10.03;3.465.620.488;162.584.243;2.041.422.933;1.286.949.635
Chilo‚;10øC;1500ppm;0.0044;2.302.814.707;0.090;0.870;0.140;0.014;0.222;0.088;0.009;0.0007;0.92369;67;0.19484;15;7.604;30.90;10.03;3.383.237.446;1.586.906.928;1.992.538.742;1.256.132.164
Chilo‚;10øC;1500ppm;0.004;-0.426653654;0.050;-0.360;0.120;0.006;0.186;0.116;0.0167;0.0018;0.75161;258;0.26344;73;7.604;30.90;10.03;3.872.070.298;1.817.937.027;2.282.600.691;143.899.242
Chilo‚;10øC;1500ppm;0.0031;0.021707532;0.110;-0.150;0.060;0.001;0.292;0.184;0.0221;0.0017;0.98065;174;0.1789;29;7.604;30.90;10.03;4.132.504.503;1.941.022.434;2.437.136.112;1.536.414.321
Chilo‚;10øC;1500ppm;-0.0004;2.918.696.359;0.110;0.360;0.660;0.006;0.326;0.136;0.0092;0.0005;0.95324;293;0.12781;37;7.604;30.90;10.03;2.982.290.596;139.741.339;1.754.625.971;1.106.147.685
Chilo‚;10øC;1500ppm;0.0024;285.965.766;0.120;0.890;0.470;0.010;0.236;0.086;0.0083;0.0003;0.72627;244;0.14969;40;7.604;30.90;10.03;2.869.607.721;1.344.157.813;1.687.762.441;1.063.995.717
Chilo‚;10øC;1500ppm;0.0008;0.950853921;0.030;0.190;0.670;0.002;0.190;0.032;0.0024;0;1;388;0;28;7.604;30.90;10.03;3.385.263.655;1.587.864.546;1.993.741.048;1.256.890.119
Chilo‚;10øC;1500ppm;0.0019;2.083.332.224;0.070;0.170;0.880;0.005;0.266;0.078;0.0073;0.0007;0.97575;454;0.10781;50;7.604;30.90;10.03;3.280.806.517;1.538.496.499;1.931.758.582;1.217.815.261
Chilo‚;10øC;1500ppm;0.0052;153.359.978;0.130;0.260;0.430;0.010;0.254;0.078;0.0082;0.0001;0.99098;254;0.1439;35;7.604;30.90;10.03;3.465.620.488;162.584.243;2.041.422.933;1.286.949.635
Chilo‚;10øC;1500ppm;0.0001;5.796.302.342;0.020;1.200;0.760;0.016;0.390;0.176;0.0152;0.0016;0.88059;395;0.16187;63;7.604;30.90;10.03;3.712.996.815;1.742.756.365;2.188.210.256;1.379.486.996
Chilo‚;10øC;1500ppm;0.0002;1.907.395.596;0.010;0.220;0.470;-0.013;0.380;0.136;0.0137;0.0013;0.63042;241;0.22609;58;7.604;30.90;10.03;3.787.194.436;1.777.823.339;223.223.737;1.407.242.479
Chilo‚;10øC;1500ppm;0.0027;1.694.788.122;0.000;0.210;0.500;-0.003;0.270;0.100;0.0083;0.0011;1;234;0;25;7.604;30.90;10.03;3.872.070.298;1.817.937.027;2.282.600.691;143.899.242
Chilo‚;10øC;1500ppm;0.0021;2.668.266.329;0.030;1.250;0.540;0.001;0.456;0.092;0.0051;0.0003;0.90689;346;0.17875;57;7.604;30.90;10.03;4.132.504.503;1.941.022.434;2.437.136.112;1.536.414.321
Chilo‚;10øC;1500ppm;0.0017;1.487.292.902;0.150;0.450;0.380;0.000;0.262;0.065;0.0058;0.0001;0.99303;364;0.13078;50;7.604;30.90;10.03;2.982.290.596;139.741.339;1.754.625.971;1.106.147.685
Chilo‚;10øC;1500ppm;0.0008;3.090.173.894;0.080;0.860;0.590;0.003;0.396;0.111;0.0076;0.0006;0.9784;361;0.16219;56;7.604;30.90;10.03;3.385.263.655;1.587.864.546;1.993.741.048;1.256.890.119
Chilo‚;10øC;1500ppm;0.001;1.406.200.477;0.030;0.230;0.540;0.001;0.294;0.073;0.0062;0.0012;0.84101;346;0.10578;37;7.604;30.90;10.03;3.280.806.517;1.538.496.499;1.931.758.582;1.217.815.261
Chilo‚;10øC;1500ppm;0.0002;0.452143588;0.010;0.020;0.140;0.002;0.380;0.132;0.0129;0.001;0.68118;402;0.20125;81;7.604;30.90;10.03;3.465.620.488;162.584.243;2.041.422.933;1.286.949.635
Chilo‚;10øC;1500ppm;0.0049;130.900.567;0.100;0.150;0.190;-0.276;0.370;0.178;0.01;0.0016;0.93939;500;0.14797;72;7.604;30.90;10.03;3.383.237.446;1.586.906.928;1.992.538.742;1.256.132.164
Chilo‚;10øC;1500ppm;0.002;169.695.648;0.050;0.260;0.630;0.005;0.326;0.083;0.0078;0.0004;0.87214;317;0.17047;60;7.604;30.90;10.03;3.712.996.815;1.742.756.365;2.188.210.256;1.379.486.996
Chilo‚;10øC;1500ppm;0.0052;0.49811905;0.030;0.160;0.190;-0.002;0.294;0.059;0.0056;0.0005;0.95528;458;0.06859;34;7.604;30.90;10.03;3.787.194.436;1.777.823.339;223.223.737;1.407.242.479
Chilo‚;10øC;1500ppm;0.0035;1.243.506.317;0.090;0.260;0.340;0.012;0.268;0.079;0.0087;0.001;0.88264;195;0.11859;25;7.604;30.90;10.03;3.872.070.298;1.817.937.027;2.282.600.691;143.899.242
Chilo‚;10øC;1500ppm;0.0029;1.266.067.635;0.090;0.320;0.450;0.003;0.278;0.066;0.0064;0.0008;0.96297;275;0.12047;33;7.604;30.90;10.03;4.132.504.503;1.941.022.434;2.437.136.112;1.536.414.321
Chilo‚;10øC;1500ppm;0.0033;1.201.840.359;0.100;0.670;0.020;0.003;0.480;0.097;0.0076;0.0011;0.58507;209;0.32422;80;7.604;30.90;10.03;2.982.290.596;139.741.339;1.754.625.971;1.106.147.685
Chilo‚;10øC;1500ppm;0.008;5.635.435.244;0.140;1.170;0.960;0.012;0.268;0.120;0.0147;0.0017;0.94246;384;0.13141;50;7.604;30.90;10.03;2.869.607.721;1.344.157.813;1.687.762.441;1.063.995.717
Chilo‚;15øC;500ppm;0.0017;208.999.162;0.130;0.170;0.350;0.001;0.326;0.172;0.0216;0.0029;0.6876;379;0.21828;86;8.014;30.13;15.03;2.260.820.847;4.378.785.403;3.308.399.864;210.111.236
Chilo‚;15øC;500ppm;0.0083;2.364.813.379;0.050;0.060;0.820;0.011;0.380;0.142;0.0121;0.0017;0.9763;510;0.11172;57;8.014;30.13;15.03;2.438.824.051;4.729.693.665;3.577.635.581;22.720.997
Chilo‚;15øC;500ppm;0.0032;2.530.494.098;0.040;0.320;0.790;0.011;0.288;0.096;0.0086;0.001;0.89168;405;0.10515;42;8.014;30.13;15.03;2.325.760.319;4.506.816.644;3.406.614.482;2.163.486.908
Chilo‚;15øC;500ppm;0.0052;2.266.430.648;0.300;0.130;0.750;0.012;0.236;0.069;0.0053;0;0.98363;289;0.12203;35;8.014;30.13;15.03;2.484.218.188;4.819.165.796;3.646.306.838;2.315.711.727
Chilo‚;15øC;500ppm;0.0059;4.980.566.097;0.460;1.190;1.180;0.021;0.256;0.089;0.0059;0.0008;0.74696;657;0.08094;53;8.014;30.13;15.03;2.573.594.423;4.995.309.716;3.781.525.203;2.401.586.769
Chilo‚;15øC;500ppm;0.0069;2.479.275.883;0.070;0.360;0.750;0.014;0.252;0.080;0.0082;0.0007;0.81267;435;0.12562;53;8.014;30.13;15.03;2.672.875.014;5.190.948.396;3.931.745.291;2.496.989.168
Chilo‚;15øC;500ppm;0.0054;1.629.197.122;0.160;0.440;0.220;0.021;0.332;0.115;0.007;0.0007;0.89217;228;0.20281;44;8.014;30.13;15.03;3.204.047.457;6.237.294.803;4.735.707.439;3.007.572.797
Chilo‚;15øC;500ppm;0.0075;0.449092262;-1.060;0.790;0.180;0.009;0.338;0.060;0.0039;-0.0003;0.96064;343;0.13062;44;8.014;30.13;15.03;3.083.630.982;6.000.134.982;4.553.417.424;2.891.803.295
Chilo‚;15øC;500ppm;0.0117;3.844.333.567;0.400;0.490;0.630;0.028;0.290;0.123;0.0126;0.0015;0.96861;321;0.14922;47;8.014;30.13;15.03;3.268.260.634;6.363.753.007;4.832.921.821;3.069.312.111
Chilo‚;15øC;500ppm;0.0434;4.548.880.697;0.360;0.770;0.560;0.025;0.324;0.149;0.0118;0.0019;0.69111;315;0.2089;71;8.014;30.13;15.03;3.288.941.442;6.404.479.427;4.864.232.082;3.089.196.762
Chilo‚;15øC;500ppm;0.0038;2.605.948.214;0.040;0.210;0.640;0.006;0.408;0.171;0.0139;0.0017;0.87276;889;0.14625;118;8.014;30.13;15.03;2.260.820.847;4.378.785.403;3.308.399.864;210.111.236
Chilo‚;15øC;500ppm;0.0056;4.043.132.326;0.260;0.930;0.880;0.018;0.292;0.098;0.0125;0.0012;0.96561;283;0.14297;40;8.014;30.13;15.03;2.438.824.051;4.729.693.665;3.577.635.581;22.720.997
Chilo‚;15øC;500ppm;0.0057;2.291.533.818;0.140;1.000;0.230;0.014;0.408;0.089;0.0072;0.0008;0.91814;385;0.30562;117;8.014;30.13;15.03;2.325.760.319;4.506.816.644;3.406.614.482;2.163.486.908
Chilo‚;15øC;500ppm;0.0069;3.294.464.345;0.820;0.750;1.020;0.016;0.242;0.058;0.0054;0.0008;0.94258;312;0.1489;49;8.014;30.13;15.03;2.484.218.188;4.819.165.796;3.646.306.838;2.315.711.727
Chilo‚;15øC;500ppm;0.0037;2.531.769.524;0.030;0.130;1.290;0.001;0.366;0.075;0.0066;0.001;0.86258;300;0.24203;68;8.014;30.13;15.03;2.573.594.423;4.995.309.716;3.781.525.203;2.401.586.769
Chilo‚;15øC;500ppm;0.0082;2.658.863.913;-0.400;0.590;0.960;0.020;0.260;0.073;0.0059;0.0004;0.95821;210;0.09734;21;8.014;30.13;15.03;2.672.875.014;5.190.948.396;3.931.745.291;2.496.989.168
Chilo‚;15øC;500ppm;0.0056;5.374.974.882;0.110;0.980;0.640;0.024;0.360;0.171;0.0195;0.0021;0.97968;631;0.16;94;8.014;30.13;15.03;3.204.047.457;6.237.294.803;4.735.707.439;3.007.572.797
Chilo‚;15øC;500ppm;0.002;5.405.494.509;0.340;1.120;0.850;0.013;0.372;0.134;0.0141;0.0021;1;418;0;60;8.014;30.13;15.03;3.083.630.982;6.000.134.982;4.553.417.424;2.891.803.295
Chilo‚;15øC;500ppm;0.0081;4.498.108.111;0.220;1.250;0.690;0.017;0.312;0.114;0.0121;0.0009;0.91989;351;0.18797;61;8.014;30.13;15.03;3.268.260.634;6.363.753.007;4.832.921.821;3.069.312.111
Chilo‚;15øC;500ppm;0.0022;3.730.143.197;0.690;0.450;1.450;0.019;0.244;0.065;0.0074;0.0007;0.98163;255;0.07078;19;8.014;30.13;15.03;3.288.941.442;6.404.479.427;4.864.232.082;3.089.196.762
Chilo‚;15øC;500ppm;0.0031;4.553.285.112;0.100;1.290;1.170;0.009;0.398;0.094;0.0073;0.0004;0.86894;245;0.25046;66;8.014;30.13;15.03;2.438.824.051;4.729.693.665;3.577.635.581;22.720.997
Chilo‚;15øC;500ppm;0.0033;2.297.439.446;0.280;0.430;0.570;0.014;0.258;0.076;0.0051;0.0006;0.81859;287;0.14078;39;8.014;30.13;15.03;2.325.760.319;4.506.816.644;3.406.614.482;2.163.486.908
Chilo‚;15øC;500ppm;0.0061;3.053.750.731;0.390;0.620;0.840;0.021;0.418;0.145;0.0072;0.0007;0.9269;490;0.1775;85;8.014;30.13;15.03;2.484.218.188;4.819.165.796;3.646.306.838;2.315.711.727
Chilo‚;15øC;500ppm;-0.008;3.596.540.928;0.130;0.870;0.550;0.009;0.306;0.089;0.0116;0.0015;0.94964;414;0.12844;54;8.014;30.13;15.03;2.573.594.423;4.995.309.716;3.781.525.203;2.401.586.769
Chilo‚;15øC;500ppm;0.0064;2.913.266.629;0.050;0.190;0.860;0.018;0.324;0.110;0.0093;0.0012;0.91129;551;0.14656;81;8.014;30.13;15.03;2.672.875.014;5.190.948.396;3.931.745.291;2.496.989.168
Chilo‚;15øC;500ppm;0.0056;0.688146072;-0.010;0.270;0.050;0.009;0.410;0.135;0.012;0.0018;0.97279;668;0.13078;88;8.014;30.13;15.03;3.204.047.457;6.237.294.803;4.735.707.439;3.007.572.797
Chilo‚;15øC;500ppm;0.0041;1.907.062.337;0.260;0.150;0.710;0.009;0.308;0.077;0.0044;0.0008;0.89586;268;0.14437;42;8.014;30.13;15.03;3.083.630.982;6.000.134.982;4.553.417.424;2.891.803.295
Chilo‚;15øC;500ppm;0.0006;1.452.657.363;0.810;0.380;0.350;0.001;0.278;0.044;0.0026;0.0004;0.88201;306;0.12937;40;8.014;30.13;15.03;3.268.260.634;6.363.753.007;4.832.921.821;3.069.312.111
Chilo‚;15øC;500ppm;0.0048;399.646.192;0.530;0.910;0.770;0.010;0.296;0.095;0.0087;0.0009;0.87718;331;0.17656;58;8.014;30.13;15.03;3.288.941.442;6.404.479.427;4.864.232.082;3.089.196.762
Chilo‚;15øC;500ppm;0.0072;4.884.823.017;0.710;0.850;1.490;0.028;0.230;0.073;0.0071;0.0003;0.93074;434;0.11907;50;8.014;30.13;15.03;2.260.820.847;4.378.785.403;3.308.399.864;210.111.236
Chilo‚;15øC;500ppm;0.0039;1.832.044.388;0.130;0.140;0.670;0.008;0.330;0.089;0.006;0.001;0.69899;252;0.23625;58;8.014;30.13;15.03;2.438.824.051;4.729.693.665;3.577.635.581;22.720.997
Chilo‚;15øC;1500ppm;0.0072;-0.833987935;0.040;-0.510;0.120;0.014;0.426;0.159;0.0161;0.0012;0.63676;410;0.22187;89;7.695;30.16;15.18;4.126.394.917;1.886.042.824;3.066.171.597;1.948.116.109
Chilo‚;15øC;1500ppm;0.0087;2.262.917.951;0.260;0.190;0.530;0.020;0.226;0.100;0.0122;0.0013;0.84613;211;0.20922;46;7.695;30.16;15.18;4.374.816.335;2.000.341.556;3.252.223.656;206.632.574
Chilo‚;15øC;1500ppm;0.0079;1.498.385.727;0.300;0.330;0.170;0.023;0.354;0.135;0.0119;0.0014;0.79004;466;0.19515;79;7.695;30.16;15.18;400.210.703;1.828.857.552;2.973.088.399;1.888.974.971
Chilo‚;15øC;1500ppm;0.0071;1.262.606.811;0.420;0.200;0.320;0.010;0.270;0.076;0.0011;0.0022;0.99077;330;0.12235;42;7.695;30.16;15.18;4.116.221.156;1.881.361.853;3.058.552.123;1.943.275.017
Chilo‚;15øC;1500ppm;0.0072;1.756.361.428;0.310;0.130;0.700;0.022;0.264;0.070;0.008;0.0009;0.96027;86;0.12657;12;7.695;30.16;15.18;4.095.858.592;1.871.992.985;304.330.192;1.933.585.681
Chilo‚;15øC;1500ppm;0.0041;3.128.212.942;0.610;0.890;0.970;0.025;0.230;0.052;0.0069;-0.0001;1;341;0;37;7.695;30.16;15.18;4.427.555.383;2.024.606.675;3.291.722.093;2.091.421.381
Chilo‚;15øC;1500ppm;0.0055;2.232.266.192;0.110;0.330;0.590;0.012;0.302;0.107;0.009;0.0014;0.98556;214;0.1261;28;7.695;30.16;15.18;4.821.032.258;2.205.643.314;3.586.414.978;2.278.656.811
Chilo‚;15øC;1500ppm;0.0084;3.975.512.552;0.440;0.220;1.470;0.019;0.270;0.090;0.0104;0.0013;0.93131;381;0.12313;47;7.695;30.16;15.18;4.798.404.023;2.195.232.235;3.569.467.571;2.267.889.143
Chilo‚;15øC;1500ppm;0.0066;1.690.907.417;0.070;0.360;0.250;0.015;0.382;0.158;0.0157;0.0019;1;495;0;67;7.695;30.16;15.18;5.131.688.443;2.348.573.294;3.819.081.711;242.648.344
Chilo‚;15øC;1500ppm;0.0046;0.661032465;0.320;0.040;0.030;-0.001;0.482;0.130;0.0068;0.0018;0.88616;284;0.27515;68;7.695;30.16;15.18;4.126.394.917;1.886.042.824;3.066.171.597;1.948.116.109
Chilo‚;15øC;1500ppm;0.0046;1.389.316.529;0.130;0.350;0.550;0.003;0.266;0.071;0.0048;-1,00E-04;0.90841;452;0.13282;62;7.695;30.16;15.18;4.374.816.335;2.000.341.556;3.252.223.656;206.632.574
Chilo‚;15øC;1500ppm;0.0062;3.625.242.286;0.360;0.770;1.020;0.011;0.252;0.084;0.0092;0.0017;0.96763;288;0.11454;33;7.695;30.16;15.18;4.116.221.156;1.881.361.853;3.058.552.123;1.943.275.017
Chilo‚;15øC;1500ppm;0.0094;2.235.709.014;0.490;0.370;0.370;0.026;0.276;0.101;0.0107;0.0014;0.85303;290;0.17484;50;7.695;30.16;15.18;4.095.858.592;1.871.992.985;304.330.192;1.933.585.681
Chilo‚;15øC;1500ppm;0.0064;1.444.502.197;0.440;0.730;0.190;0.013;0.210;0.051;0.0032;0.0011;0.99539;409;0.07219;30;7.695;30.16;15.18;4.427.555.383;2.024.606.675;3.291.722.093;2.091.421.381
Chilo‚;15øC;1500ppm;0.0085;341.134.557;0.280;0.320;1.030;0.021;0.294;0.108;0.0122;0.0008;0.89342;442;0.13141;57;7.695;30.16;15.18;4.821.032.258;2.205.643.314;3.586.414.978;2.278.656.811
Chilo‚;15øC;1500ppm;0.0066;2.393.143.548;0.080;0.460;0.520;0.008;0.384;0.132;0.0125;0.0023;0.81562;351;0.19484;67;7.695;30.16;15.18;4.798.404.023;2.195.232.235;3.569.467.571;2.267.889.143
Chilo‚;15øC;1500ppm;0.002;2.325.438.156;0.040;0.170;0.720;0.013;0.426;0.153;0.0091;0.0012;0.85217;354;0.26062;91;7.695;30.16;15.18;5.050.318.683;2.311.135.933;3.758.139.468;2.387.763.309
Chilo‚;15øC;1500ppm;0.01;2.368.657.242;0.180;0.580;0.530;0.016;0.430;0.103;0.0094;0.002;0.82489;269;0.1939;55;7.695;30.16;15.18;5.131.688.443;2.348.573.294;3.819.081.711;242.648.344
Chilo‚;15øC;1500ppm;-0.0087;1.091.391.613;0.410;0.470;0.220;-0.037;0.300;0.046;0.0043;0.001;0.90339;693;0.12281;80;7.695;30.16;15.18;4.126.394.917;1.886.042.824;3.066.171.597;1.948.116.109
Chilo‚;15øC;1500ppm;0.01;1.531.882.912;0.310;0.140;0.490;0.011;0.312;0.080;0.0064;0.0009;0.92542;101;0.09578;10;7.695;30.16;15.18;4.374.816.335;2.000.341.556;3.252.223.656;206.632.574
Chilo‚;15øC;1500ppm;-0.0199;1.347.217.419;0.170;0.400;0.610;-0.051;0.260;0.044;0.0029;0.0006;0.82716;385;0.11703;44;7.695;30.16;15.18;400.210.703;1.828.857.552;2.973.088.399;1.888.974.971
Chilo‚;15øC;1500ppm;0.018;1.993.541.077;0.170;0.830;0.340;0.008;0.298;0.067;0.0039;-0.0004;0.82379;433;0.10672;45;7.695;30.16;15.18;4.116.221.156;1.881.361.853;3.058.552.123;1.943.275.017
Chilo‚;15øC;1500ppm;0.0083;-6.050.823.558;0.090;-2.964;0.350;0.018;0.330;0.133;0.0125;0.0022;0.96046;270;0.15125;44;7.695;30.16;15.18;4.095.858.592;1.871.992.985;304.330.192;1.933.585.681
Chilo‚;15øC;1500ppm;0.0124;0.935900194;0.140;0.120;0.120;0.030;0.370;0.163;0.0145;0.0017;0.97421;365;0.20266;74;7.695;30.16;15.18;4.427.555.383;2.024.606.675;3.291.722.093;2.091.421.381
Chilo‚;15øC;1500ppm;-0.0015;2.005.344.672;0.280;0.220;0.440;0.006;0.306;0.104;0.008;0.0007;0.77952;213;0.19094;41;7.695;30.16;15.18;4.821.032.258;2.205.643.314;3.586.414.978;2.278.656.811
Chilo‚;15øC;1500ppm;0.004;200.864.678;0.270;1.040;0.400;0.012;0.248;0.043;0.0038;0.0021;0.58394;193;0.19375;41;7.695;30.16;15.18;4.798.404.023;2.195.232.235;3.569.467.571;2.267.889.143
Chilo‚;15øC;1500ppm;0.0015;1.125.345.354;0.220;0.150;0.350;0.006;0.396;0.090;0.006;0.0011;0.9523;245;0.18391;46;7.695;30.16;15.18;5.050.318.683;2.311.135.933;3.758.139.468;2.387.763.309
Chilo‚;15øC;1500ppm;0.0044;1.575.305.679;0.100;0.320;0.440;0.017;0.314;0.083;0.0082;0.0015;0.8977;434;0.1;43;7.695;30.16;15.18;5.131.688.443;2.348.573.294;3.819.081.711;242.648.344
Chilo‚;15øC;1500ppm;0.0158;2.648.279.684;0.320;0.690;0.460;0.036;0.262;0.086;0.0102;0.0011;0.97621;281;0.09562;28;7.695;30.16;15.18;4.126.394.917;1.886.042.824;3.066.171.597;1.948.116.109
Chilo‚;15øC;1500ppm;0.0039;2.123.287.007;0.080;0.490;0.850;0.008;0.340;0.064;0.0035;0.0008;0.94794;333;0.08126;31;7.695;30.16;15.18;4.374.816.335;2.000.341.556;3.252.223.656;206.632.574
Talcaruca;10øC;500ppm;-0.0092;2.161.030.363;0.210;2.530;1.290;0.021;0.382;0.249;0.017;0.002;0.67012;361;0.31063;109;7.968.810.547;34.43;10.47;9.950.677.606;167.338.182;1.333.619.653;0.848142917
Talcaruca;10øC;500ppm;0;2.113.582.374;0.100;1.940;0.720;0.038;0.366;0.183;0.0153;0.0025;0.91356;2.575.194;0.15297;37.495;7.968.810.547;34.43;10.47;3.885.528.431;5.943.410.262;0.45806213;0.291314057
Talcaruca;10øC;500ppm;0.0052;1.114.897.205;0.020;0.860;0.340;-0.008;0.326;0.182;0.0104;0.0008;0.74114;101;0.41875;46;7.968.810.547;34.43;10.47;5.018.666.814;7.978.488.662;0.620266886;0.394471516
Talcaruca;10øC;500ppm;-0.0506;1.230.433.942;-0.020;0.780;0.290;-0.143;0.332;0.191;0.0091;0.0007;0.86476;299;0.22032;61;7.968.810.547;34.43;10.47;5.255.217.167;8.401.806.615;0.654236104;0.41607494
Talcaruca;10øC;1500ppm;0.0016;952.394.023;0.290;1.200;0.400;0.043;0.302;0.154;0.0116;0.0022;0.85051;309;0.21641;64;7.634;34.68;10.26;1.688.989.987;7.059.431.551;1.143.399.729;0.727194859
Talcaruca;10øC;1500ppm;0.031;1.396.979.973;0.200;1.580;0.340;0.045;0.336;0.157;0.0064;0.0009;0.7809;245;0.26157;68;7.634;34.68;10.26;1.927.966.104;807.447.778;1.308.795.002;0.832385186
Talcaruca;10øC;1500ppm;0.07647;935.613.935;0.850;0.870;-0.460;-0.018;0.338;0.171;0.0032;0.0004;0.71962;316;0.18422;58;7.634;34.68;10.26;1.603.979.618;6.698.298.196;1.084.572.663;0.689781224
Talcaruca;15øC;500ppm;0.0066;1.799.464.985;0.910;1.940;0.240;0.066;0.372;0.209;0.0175;0.0024;0.97407;402;0.11265;48;8.058;34.07;15.36;167.764.118;2.768.280.525;2.810.691.957;1.803.656.867
Talcaruca;15øC;500ppm;0.0041;1.073.618.347;0.030;1.030;0.640;0.057;0.444;0.211;0.0154;0.0024;0.81607;202;0.32563;75;8.058;34.07;15.36;9.145.206.331;1.460.712.469;1.463.879.671;0.939390251
Talcaruca;15øC;500ppm;0.0106;1.227.797.051;0.280;1.220;0.240;0.043;0.304;0.199;0.0149;0.0016;0.81784;483;0.18297;87;8.058;34.07;15.36;1.585.988.789;2.611.580.164;2.648.630.946;169.966.025
Talcaruca;15øC;500ppm;0.0043;1.566.280.693;0.190;1.560;0.220;0.028;0.350;0.179;0.0121;0.0012;0.82292;313;0.25266;75;8.058;34.07;15.36;8.597.883.048;1.366.570.337;1.367.605.703;0.877610018
Talcaruca;15øC;1500ppm;0.0451;1.074.757.458;0.410;0.580;1.430;0.042;0.334;0.164;0.0123;0.0014;0.85104;251;0.14422;38;7.703.692.434;34.07;15.70;3.070.409.017;1.343.435.565;2.511.533.639;161.290.713
Talcaruca;15øC;1500ppm;0.0054;8.991.092.018;0.120;1.190;0.330;0.028;0.306;0.152;0.0123;0.0021;0.76169;204;0.22485;48;7.703.692.434;34.07;15.70;1.935.382.701;8.416.376.283;1.570.682.324;1.008.692.331
Talcaruca;15øC;1500ppm;0.0051;1.059.312.833;0.070;1.110;0.900;0.037;0.366;0.186;0.0119;0.0017;0.84447;439;0.16219;70;7.703.692.434;34.07;15.70;1.908.285.711;8.296.551.373;154.822.612;0.994270955
Talcaruca;15øC;1500ppm;0.0195;1.629.793.056;0.200;0.390;0.560;0.032;0.384;0.252;0.0227;0.003;0.90415;302;0.10562;31;7.703.692.434;34.07;15.70;1.990.846.735;8.661.636.533;1.616.648.328;1.038.211.703
Talcaruca;10øC;500ppm;0.0032;0;0.100;0.080;5.040;8.027;0.388;0.144;0.0088;0.0011;0.90915;299;0.17125;50;7.968.810.547;34.43;10.47;1.184.127.683;2.006.405.865;1.608.969.792;1.023.257.516
Talcaruca;10øC;500ppm;0.0033;0;-0.060;1.000;4.580;0.054;0.312;0.085;0.0068;0.0013;0.76157;331;0.20531;65;7.968.810.547;34.43;10.47;5.374.033.184;8.614.258.507;0.67131087;0.42693399
Talcaruca;10øC;500ppm;0.0036;0;0.220;0.020;4.350;0.010;0.270;0.088;0.0083;0.0012;0.89766;228;0.18625;44;7.968.810.547;34.43;10.47;6.663.064.815;1.091.249.938;0.857031177;0.545046649
Talcaruca;10øC;500ppm;0.0501;0;0.190;0.150;4.660;0.140;0.312;0.107;0.0089;0.0014;0.93277;289;0.15453;43;7.968.810.547;34.43;10.47;7.153.002.164;1.178.324.214;0.927820305;0.590066455
Talcaruca;10øC;1500ppm;0.0062;0;0.060;1.030;4.640;0.003;0.348;0.106;0.0074;0.0017;0.94175;323;0.08703;29;7.634;34.68;10.26;2.592.054.689;1.089.437.623;1.768.539.484;1.124.779.714
Talcaruca;10øC;1500ppm;0.0028;0;0.210;0.110;5.580;0.035;0.324;0.127;0.0096;0.001;0.91208;259;0.12531;33;7.634;34.68;10.26;1.642.305.228;6.861.113.503;1.111.093.308;0.706648183
Talcaruca;10øC;1500ppm;0.0024;0;0.170;0.010;4.350;0.007;0.292;0.108;0.0074;0.0005;0.85615;216;0.17141;38;7.634;34.68;10.26;9.319.374.047;3.841.756.143;0.619781409;0.394176981
Talcaruca;10øC;1500ppm;0.0039;0;0.020;1.260;4.640;0.018;0.288;0.095;0.0067;0.001;0.94656;165;0.16563;30;7.634;34.68;10.26;9.055.875.775;3.729.665.264;0.601571942;0.382595878
Talcaruca;15øC;500ppm;0.004;0;0.420;0.260;5.220;0.003;0.304;0.092;0.0076;0.0003;0.82079;265;0.18609;48;8.058;34.07;15.36;1.881.236.381;3.116.161.928;3.170.881.689;2.034.795.211
Talcaruca;15øC;500ppm;0.0085;0;0.610;1.750;5.340;0.048;0.266;0.130;0.0083;0.0012;0.66322;319;0.1939;63;8.058;34.07;15.36;9.141.134.451;1.460.012.348;1.463.163.198;0.93893048
Talcaruca;15øC;500ppm;0.0025;0;0.330;0.320;3.870;0.006;0.300;0.087;0.0051;0.0005;0.88054;362;0.11406;42;8.058;34.07;15.36;1.738.847.817;2.872.892.405;2.918.949.606;1.873.127.181
Talcaruca;15øC;500ppm;0.0037;0;0.250;0.280;5.540;0.039;0.296;0.125;0.0081;0.0012;0.85515;280;0.15938;44;8.058;34.07;15.36;1.069.966.363;1.727.734.194;1.737.620.528;1.115.053.249
Talcaruca;15øC;1500ppm;0.005;0;0.260;-0.370;5.250;0.017;0.294;0.118;0.0077;0.0014;0.91064;420;0.10906;46;7.703.692.434;34.07;15.70;1.940.222.847;8.437.779.569;1.574.693.555;1.011.268.344
Talcaruca;15øC;1500ppm;0.0053;0;0.210;0.590;4.250;0.040;0.282;0.094;0.0074;0.0011;0.82161;229;0.19625;45;7.703.692.434;34.07;15.70;1.864.335.312;8.102.195.246;1.511.803.679;0.97088046
Talcaruca;15øC;1500ppm;0.0026;0;0.160;1.290;5.040;-0.006;0.318;0.122;0.0085;0.0015;0.85163;327;0.11969;40;7.703.692.434;34.07;15.70;340.136.437;1.489.724.173;2.785.920.753;178.911.856
Talcaruca;15øC;1500ppm;0.0045;0;0.350;1.030;4.720;0.032;0.288;0.108;0.0072;0.001;0.9398;309;0.09594;30;7.703.692.434;34.07;15.70;2.164.375.808;9.428.930.678;1.760.469.479;1.130.573.659
Talcaruca;10øC;500ppm;0.0033;-8.782.779.871;0.070;0.600;0.520;0.029;0.328;0.078;0.0039;0.0006;0.89459;253;0.13828;36;7.968.810.547;34.43;10.47;1.286.834.129;2.186.950.197;175.882.845;1.118.563.219
Talcaruca;10øC;500ppm;0.0038;-6.775.183.459;0.040;1.420;0.430;0.070;0.366;0.088;0.0059;0.0006;0.86534;350;0.13437;45;7.968.810.547;34.43;15.36;7.523.393.666;1.517.159.994;1.005.657.293;0.645758912
Talcaruca;10øC;500ppm;0.0022;-1.021.629.139;0.140;1.540;1.180;0.023;0.300;0.076;0.0052;0.0007;0.83133;90;0.13219;12;7.968.810.547;34.43;10.47;9.950.677.606;167.338.182;1.333.619.653;0.848142917
Talcaruca;10øC;500ppm;0.0016;5.077.919.527;1.770;4.920;1.900;0.007;0.266;0.088;0.0046;0.0008;0.94046;195;0.10672;21;7.968.810.547;34.43;10.47;3.885.528.431;5.943.410.262;0.45806213;0.291314057
Talcaruca;10øC;1500ppm;0.0045;-9.934.782.469;0.090;0.840;0.370;0.035;0.234;0.074;0.0058;0.0012;0.9559;335;0.15485;52;7.634;34.68;10.26;2.458.839.346;1.032.877.908;1.676.303.919;1.066.118.489
Talcaruca;10øC;1500ppm;0.0018;-125.356.964;0.050;0.510;0.130;0.000;0.298;0.062;0.0056;0.0008;0.88398;206;0.15875;31;7.634;34.68;10.26;1.688.989.987;7.059.431.551;1.143.399.729;0.727194859
Talcaruca;10øC;1500ppm;0.0013;-1.139.621.575;0.060;0.530;0.010;0.026;0.310;0.072;0.0055;0.0012;1;226;0;27;7.634;34.68;10.26;1.927.966.104;807.447.778;1.308.795.002;0.832385186
Talcaruca;10øC;1500ppm;0.0056;-1.222.613.865;0.360;0.430;0.420;0.023;0.264;0.086;0.0055;0.0006;0.80048;203;0.15485;32;7.634;34.68;10.26;1.603.979.618;6.698.298.196;1.084.572.663;0.689781224
Talcaruca;15øC;500ppm;0.0051;-1.322.864.438;0.270;0.150;0.940;0.060;0.302;0.068;0.0066;0.0003;0.98456;309;0.13234;44;8.058;34.07;15.36;1.157.805.072;1.878.427.748;1.892.477.759;1.214.427.108
Talcaruca;15øC;500ppm;0.0099;-1.189.561.263;0.110;0.650;0.040;0.024;0.308;0.082;0.0066;0.0001;0.78174;349;0.14906;51;8.058;34.07;15.36;167.764.118;2.768.280.525;2.810.691.957;1.803.656.867
Talcaruca;15øC;500ppm;0.0091;-1.422.174.655;0.060;1.190;0.100;0.005;0.286;0.077;0.0059;0.0002;0.90728;390;0.07968;31;8.058;34.07;15.36;9.145.206.331;1.460.712.469;1.463.879.671;0.939390251
Talcaruca;15øC;1500ppm;0.0047;-1.010.232.145;0.190;1.480;0.490;0.010;0.316;0.097;0.0058;0.0012;0.87949;480;0.10188;48;7.703.692.434;34.07;15.70;2.211.275.553;963.629.664;1.799.342.019;1.155.537.608
Talcaruca;15øC;1500ppm;0.0204;-1.053.917.099;0.170;0.130;0.390;0.019;0.304;0.144;-0.002;0.0022;0.97142;60;0.13844;9;7.703.692.434;34.07;15.70;2.273.192.792;991.005.568;1.850.662.861;1.188.495.857
Talcaruca;15øC;1500ppm;0.0103;-110.058.672;0.650;0.110;0.090;-0.007;0.304;0.124;0.0068;0.0006;0.80131;516;0.18078;91;7.703.692.434;34.07;15.70;3.070.409.017;1.343.435.565;2.511.533.639;161.290.713
Talcaruca;15øC;1500ppm;0.0274;-1.045.171.859;0.070;0.170;0.240;0.058;0.296;0.114;0.0097;0.001;0.9646;442;0.0775;38;7.703.692.434;34.07;15.70;1.935.382.701;8.416.376.283;1.570.682.324;1.008.692.331
Talcaruca;10øC;500ppm;0.0018;-1.813.848.073;0.010;0.320;0.090;0.028;0.304;0.055;0.004;0.0007;0.82367;223;0.17656;40;7.968.810.547;34.43;10.47;5.018.666.814;7.978.488.662;0.620266886;0.394471516
Talcaruca;10øC;500ppm;0.0024;-1.917.301.554;-0.520;1.180;0.060;0.032;0.270;0.047;0.0034;0.0007;0.87925;231;0.12219;28;7.968.810.547;34.43;10.47;5.255.217.167;8.401.806.615;0.654236104;0.41607494
Talcaruca;10øC;500ppm;0.0011;-1.836.054.164;0.620;0.560;-0.030;0.020;0.326;0.056;0.004;0.0008;0.94507;348;0.08719;31;7.968.810.547;34.43;10.47;1.184.127.683;2.006.405.865;1.608.969.792;1.023.257.516
Talcaruca;10øC;500ppm;0.0025;-171.430.111;0.090;0.370;0.140;0.039;0.312;0.076;0.0057;0.0005;0.95672;278;0.13812;39;7.968.810.547;34.43;10.47;5.374.033.184;8.614.258.507;0.67131087;0.42693399
Talcaruca;10øC;1500ppm;0.0023;-1.835.024.181;0.400;0.140;0.020;0.029;0.260;0.072;0.0051;0.001;0.68693;208;0.16562;36;7.634;34.68;10.26;2.592.054.689;1.089.437.623;1.768.539.484;1.124.779.714
Talcaruca;10øC;1500ppm;0.0107;-1.693.691.727;0.120;0.990;0.400;0.033;0.296;0.081;0.0068;0.0012;0.93073;427;0.07578;36;7.634;34.68;10.26;1.642.305.228;6.861.113.503;1.111.093.308;0.706648183
Talcaruca;10øC;1500ppm;0.0136;-1.580.834.737;0.510;0.590;0.980;0.023;0.250;0.062;0;0;0;19;0.25265;8.106;7.634;34.68;10.26;9.319.374.047;3.841.756.143;0.619781409;0.394176981
Talcaruca;10øC;1500ppm;0.0105;-2.080.990.283;0.360;0.900;-0.180;0.017;0.302;0.058;0.0045;0.0002;0.98457;388;0.11235;47;7.634;34.68;10.26;9.055.875.775;3.729.665.264;0.601571942;0.382595878
Talcaruca;15øC;500ppm;0.0043;-2.118.576.235;0.460;0.680;0.300;0.014;0.300;0.052;0.0051;0.0001;0.96674;201;0.12501;26;8.058;34.07;15.36;1.585.988.789;2.611.580.164;2.648.630.946;169.966.025
Talcaruca;15øC;500ppm;0.0101;-2.320.266.092;0.030;0.360;0.120;0.014;0.234;0.035;0.0042;0.0002;1;395;0.08437;37;8.058;34.07;15.36;1.881.236.381;3.116.161.928;3.170.881.689;2.034.795.211
Talcaruca;15øC;500ppm;0.0055;-2.362.360.063;0.050;0.350;0.570;0.022;0.292;0.053;0.0041;0.0014;0.90803;282;0.11609;35;8.058;34.07;15.36;9.141.134.451;1.460.012.348;1.463.163.198;0.93893048
Talcaruca;15øC;1500ppm;0.0042;-2.309.482.716;0.930;1.070;0.220;0.014;0.260;0.042;0.0003;0.0002;0.86197;193;0.11125;22;7.703.692.434;34.07;15.70;1.908.285.711;8.296.551.373;154.822.612;0.994270955
Talcaruca;15øC;1500ppm;0.0065;-2.461.707.163;0.120;1.240;-0.340;0.001;0.274;0.041;0.0022;0.0011;-14.357;48;0.14813;10;7.703.692.434;34.07;15.70;1.990.846.735;8.661.636.533;1.616.648.328;1.038.211.703
Talcaruca;15øC;1500ppm;0.0023;-250.446.503;0.290;0.260;0.280;0.008;0.210;0.031;0.003;-0.0004;0.95268;390;0.08094;33;7.703.692.434;34.07;15.70;1.940.222.847;8.437.779.569;1.574.693.555;1.011.268.344
Talcaruca;15øC;1500ppm;0.0038;-2.558.170.553;0.220;-0.080;0.680;0.006;0.290;0.034;0.003;0.0008;0.94648;231;0.08765;21;7.703.692.434;34.07;15.70;1.864.335.312;8.102.195.246;1.511.803.679;0.97088046
Talcaruca;10øC;500ppm;0.0037;-6.139.352.735;0.250;0.660;0.090;0.039;0.320;0.207;0.0112;0.0021;0.74237;443;0.21687;92;7.968.810.547;34.43;10.47;6.663.064.815;1.091.249.938;0.857031177;0.545046649
Talcaruca;10øC;500ppm;-0.0246;-2.251.733.991;0.030;0.240;0.480;0.052;0.372;0.262;0.0135;0.0015;0.84881;223;0.23094;50;7.968.810.547;34.43;10.47;7.153.002.164;1.178.324.214;0.927820305;0.590066455
Talcaruca;10øC;500ppm;0.0042;-7.892.400.701;-1.550;0.260;-0.120;0.048;0.374;0.296;0.017;0.0017;0.82297;326;0.24281;79;7.968.810.547;34.43;10.47;1.286.834.129;2.186.950.197;175.882.845;1.118.563.219
Talcaruca;10øC;500ppm;0.005;-1.946.841.364;0.610;0.820;0.040;0.041;0.328;0.264;0.0163;0.0031;0.72232;267;0.24781;66;7.968.810.547;34.43;15.36;7.523.393.666;1.517.159.994;1.005.657.293;0.645758912
Talcaruca;10øC;1500ppm;0.0049;-6.561.302.318;0.210;1.650;0.090;0.029;0.286;0.179;0.0147;0.002;0.80027;248;0.1186;31;7.634;34.68;10.26;2.458.839.346;1.032.877.908;1.676.303.919;1.066.118.489
Talcaruca;10øC;1500ppm;0.0235;2.798.729.695;2.050;1.900;0.300;0.061;0.302;0.236;0.0162;0.0034;0.84885;325;0.16937;53;7.634;34.68;10.26;1.688.989.987;7.059.431.551;1.143.399.729;0.727194859
Talcaruca;10øC;1500ppm;0.0061;-3.548.424.288;0.100;0.170;0.380;-0.010;0.362;0.221;0.0148;0.0023;0.73909;211;0.27969;63;7.634;34.68;10.26;1.927.966.104;807.447.778;1.308.795.002;0.832385186
Talcaruca;10øC;1500ppm;0.0034;-8.210.806.665;0.530;0.770;1.210;0.026;0.306;0.207;0.0117;0.0025;0.87827;282;0.19781;56;7.634;34.68;10.26;1.603.979.618;6.698.298.196;1.084.572.663;0.689781224
Talcaruca;15øC;500ppm;0.019;-6.112.680.788;0.590;0.520;0.150;0.043;0.374;0.268;0.0126;0.0011;0.92417;162;0.16484;28;8.058;34.07;15.36;1.738.847.817;2.872.892.405;2.918.949.606;1.873.127.181
Talcaruca;15øC;500ppm;-0.0353;-6.331.430.454;0.210;0.070;0.280;0.032;0.348;0.219;0.0153;0.0025;0.97214;625;0.14906;95;8.058;34.07;15.36;1.069.966.363;1.727.734.194;1.737.620.528;1.115.053.249
Talcaruca;15øC;500ppm;0.031;-2.546.145.583;2.610;0.220;1.580;0.049;0.392;0.241;0.0189;0.0027;0.8093;395;0.18282;72;8.058;34.07;15.36;1.152.715.223;1.869.699.094;1.883.501.512;1.208.666.936
Talcaruca;15øC;1500ppm;0.0132;-6.642.331.952;0.260;-0.190;1.500;0.362;0.390;0.223;0.015;0.0029;0.94951;326;0.16375;52;7.703.692.434;34.07;15.70;340.136.437;1.489.724.173;2.785.920.753;178.911.856
Talcaruca;15øC;1500ppm;-0.0373;-8.141.574.053;0.190;0.350;0.930;0.009;0.310;0.214;0.0167;0.0028;0.96113;562;0.17203;95;7.703.692.434;34.07;15.70;2.211.275.553;963.629.664;1.799.342.019;1.155.537.608
Talcaruca;15øC;1500ppm;0.027;-283.595.442;0.130;1.810;1.190;-0.032;0.356;0.256;0.0204;0.0038;0.89997;485;0.13109;74;7.703.692.434;34.07;15.70;2.273.192.792;991.005.568;1.850.662.861;1.188.495.857
Talcaruca;10øC;500ppm;-0.0013;-2.101.469.623;0.110;0.390;0.350;-0.004;0.306;0.109;0.0071;0.0008;0.9499;502;0.13141;65;7.968.810.547;34.43;10.47;9.950.677.606;167.338.182;1.333.619.653;0.848142917
Talcaruca;10øC;500ppm;0.0049;-1.876.688.018;0.060;0.540;0.370;0.031;0.326;0.137;0.0076;0.0005;0.98865;331;0.13985;49;7.968.810.547;34.43;10.47;3.885.528.431;5.943.410.262;0.45806213;0.291314057
Talcaruca;10øC;500ppm;0.0058;-2.312.670.129;0.060;1.360;-0.340;0.013;0.354;0.114;0.0066;0.0015;0.70338;207;0.31547;64;7.968.810.547;34.43;10.47;5.018.666.814;7.978.488.662;0.620266886;0.394471516
Talcaruca;10øC;500ppm;0.0047;-2.520.405.727;-0.040;-0.010;0.850;0.012;0.296;0.087;0.0053;0.0014;0.97591;226;0.15125;37;7.968.810.547;34.43;10.47;5.255.217.167;8.401.806.615;0.654236104;0.41607494
Talcaruca;10øC;1500ppm;0.0115;-2.378.895.094;0.180;0.170;0.100;0.029;0.284;0.105;0.008;0.0014;0.87807;226;0.13656;31;7.634;34.68;10.26;2.592.054.689;1.089.437.623;1.768.539.484;1.124.779.714
Talcaruca;10øC;1500ppm;0.0088;-1.537.354.417;0.250;1.120;1.710;0.072;0.330;0.138;0.0105;0.002;0.98226;432;0.10219;46;7.634;34.68;10.26;1.642.305.228;6.861.113.503;1.111.093.308;0.706648183
Talcaruca;10øC;1500ppm;0.0092;-2.343.809.105;0.320;1.570;0.080;0.012;0.264;0.113;0.0084;0.0018;0.95215;291;0.11515;38;7.634;34.68;10.26;9.319.374.047;3.841.756.143;0.619781409;0.394176981
Talcaruca;10øC;1500ppm;0.0237;-2.230.875.189;0.870;2.230;0.300;0.034;0.278;0.127;0.0097;0.0017;0.85291;194;0.15453;30;7.634;34.68;10.26;9.055.875.775;3.729.665.264;0.601571942;0.382595878
Talcaruca;15øC;500ppm;0.0255;-2.571.755.064;0.290;0.870;0.160;0.046;0.276;0.096;0.0097;0.0015;0.85281;215;0.15219;35;8.058;34.07;15.36;167.764.118;2.768.280.525;2.810.691.957;1.803.656.867
Talcaruca;15øC;500ppm;0.0207;-2.628.331.008;0.280;0.880;0.160;0.049;0.334;0.103;0.0074;0.0004;0.925;355;0.08375;33;8.058;34.07;15.36;9.145.206.331;1.460.712.469;1.463.879.671;0.939390251
Talcaruca;15øC;500ppm;0.016;-2.469.946.044;0.170;0.340;0.210;0.024;0.336;0.118;0.0104;0.0016;0.96116;384;0.12812;49;8.058;34.07;15.36;1.585.988.789;2.611.580.164;2.648.630.946;169.966.025
Talcaruca;15øC;500ppm;0.0092;-2.765.080.322;0.060;1.000;0.130;-0.051;0.348;0.097;0.0071;0.0008;0.96873;322;0.09797;31;8.058;34.07;15.36;8.597.883.048;1.366.570.337;1.367.605.703;0.877610018
Talcaruca;15øC;1500ppm;0.0191;-279.224.459;0.080;0.940;-0.040;0.011;0.268;0.101;0.0044;0.0007;0.85846;291;0.15266;45;7.703.692.434;34.07;15.70;3.070.409.017;1.343.435.565;2.511.533.639;161.290.713
Talcaruca;15øC;1500ppm;0.0095;-247.863.159;0.130;0.250;0.270;0.041;0.314;0.110;-0.0021;0.0011;0.99763;246;0.09859;25;7.703.692.434;34.07;15.70;1.935.382.701;8.416.376.283;1.570.682.324;1.008.692.331
Talcaruca;15øC;1500ppm;0.0162;-2.523.392.133;0.260;1.050;0.020;0.010;0.292;0.125;0.0093;0.0015;0.96609;246;0.11813;30;7.703.692.434;34.07;15.70;1.908.285.711;8.296.551.373;154.822.612;0.994270955
Talcaruca;15øC;1500ppm;0.0106;-2.362.905.194;0.210;1.840;0.590;0.037;0.302;0.127;0.0094;0.0014;0.98624;214;0.1225;26;7.703.692.434;34.07;15.70;1.990.846.735;8.661.636.533;1.616.648.328;1.038.211.703
Talcaruca;10øC;500ppm;0.0035;-3.122.278.316;0.100;0.550;0.050;0.011;0.316;0.087;0.0063;0.0008;0.54853;345;0.19234;67;7.968.810.547;34.43;10.47;1.184.127.683;2.006.405.865;1.608.969.792;1.023.257.516
Talcaruca;10øC;500ppm;0.0019;-3.231.011.016;-0.010;0.500;0.040;0.018;0.356;0.091;0.0046;0.001;0.72978;353;0.15063;51;7.968.810.547;34.43;10.47;5.374.033.184;8.614.258.507;0.67131087;0.42693399
Talcaruca;10øC;500ppm;0.0025;-3.160.633.804;-0.010;0.070;0.610;0.006;0.274;0.063;0.0047;0.0008;0.90384;187;0.13625;28;7.968.810.547;34.43;10.47;6.663.064.815;1.091.249.938;0.857031177;0.545046649
Talcaruca;10øC;500ppm;0.0044;-3.184.728.223;0.100;0.260;0.080;-0.003;0.288;0.090;0.0064;-0.0001;0.80882;356;0.20203;72;7.968.810.547;34.43;10.47;7.153.002.164;1.178.324.214;0.927820305;0.590066455
Talcaruca;10øC;1500ppm;0.0093;-287.892.746;0.100;0.210;0.500;0.017;0.264;0.108;0.0068;0.0008;0.95004;214;0.18797;43;7.634;34.68;10.26;2.458.839.346;1.032.877.908;1.676.303.919;1.066.118.489
Talcaruca;10øC;1500ppm;0.0038;-3.351.381.265;-0.050;0.030;0.660;0.026;0.272;0.065;0.0039;0.0011;0.83765;313;0.12203;40;7.634;34.68;10.26;1.688.989.987;7.059.431.551;1.143.399.729;0.727194859
Talcaruca;10øC;1500ppm;0.004;-3.096.043.123;0.120;0.680;0.280;0.003;0.226;0.071;0.0054;0.0008;0.9258;233;0.09469;21;7.634;34.68;10.26;1.927.966.104;807.447.778;1.308.795.002;0.832385186
Talcaruca;10øC;1500ppm;0.0023;-3.130.304.812;0.160;1.200;0.780;0.013;0.258;0.082;0.0046;0.0011;0.9559;225;0.09406;22;7.634;34.68;10.26;1.603.979.618;6.698.298.196;1.084.572.663;0.689781224
Talcaruca;15øC;500ppm;0.0158;-3.102.138.729;0.280;0.520;0.580;0.021;0.294;0.076;0.0075;0.0011;0.90108;267;0.135;36;8.058;34.07;15.36;1.881.236.381;3.116.161.928;3.170.881.689;2.034.795.211
Talcaruca;15øC;500ppm;0.0243;-2.590.578.216;0.400;0.050;1.200;0.057;0.272;0.141;0.0132;0.0012;0.81627;458;0.13063;59;8.058;34.07;15.36;9.141.134.451;1.460.012.348;1.463.163.198;0.93893048
Talcaruca;15øC;500ppm;0.0197;-2.898.661.039;0.060;0.150;0.120;0.006;0.372;0.146;0.009;0.0008;0.97722;305;0.13312;43;8.058;34.07;15.36;1.738.847.817;2.872.892.405;2.918.949.606;1.873.127.181
Talcaruca;15øC;500ppm;0.0413;-216.655.614;1.570;0.350;1.040;0.067;0.344;0.161;0.0162;0.0014;0.96253;271;0.12359;38;8.058;34.07;15.36;1.069.966.363;1.727.734.194;1.737.620.528;1.115.053.249
Talcaruca;15øC;1500ppm;0.0184;-2.904.599.268;0.040;0.270;0.340;0.048;0.308;0.143;0.0102;0.0017;0.65618;207;0.24704;56;7.703.692.434;34.07;15.70;1.940.222.847;8.437.779.569;1.574.693.555;1.011.268.344
Talcaruca;15øC;1500ppm;0.0051;-255.542.267;1.280;0.900;-0.410;0.011;0.392;0.189;0.0119;0.0025;0.95847;296;0.19813;61;7.703.692.434;34.07;15.70;1.864.335.312;8.102.195.246;1.511.803.679;0.97088046
Talcaruca;15øC;1500ppm;0.0324;-2.264.777.405;0.340;0.400;-0.010;0.029;0.280;0.101;0.0158;0.0017;0.83945;202;0.14;29;7.703.692.434;34.07;15.70;340.136.437;1.489.724.173;2.785.920.753;178.911.856
Talcaruca;15øC;1500ppm;0.0221;-2.353.471.584;0.070;1.080;0.270;0.029;0.298;0.151;0.0159;0.0022;1;390;0;62;7.703.692.434;34.07;15.70;2.164.375.808;9.428.930.678;1.760.469.479;1.130.573.659
Talcaruca;10øC;500ppm;0.0024;-3.721.594.727;0.310;0.150;0.820;0.021;0.276;0.061;0.0054;0.0006;1;431;0;43;7.968.810.547;34.43;10.47;1.286.834.129;2.186.950.197;175.882.845;1.118.563.219
Talcaruca;10øC;500ppm;0.0019;-3.751.266.619;0.420;1.270;0.660;0.002;0.290;0.058;0.0038;0.0016;0.83591;266;0.16859;47;7.968.810.547;34.43;15.36;7.523.393.666;1.517.159.994;1.005.657.293;0.645758912
Talcaruca;10øC;1500ppm;0;-401.594.165;0.060;1.510;0.070;-0.004;0.252;0.054;0.0046;0.0009;0.98485;3.354.843;0.08376;28.338;7.634;34.68;10.26;2.592.054.689;1.089.437.623;1.768.539.484;1.124.779.714
Talcaruca;10øC;1500ppm;0.0078;-3.806.000.418;0.230;0.540;1.570;0.014;0.392;0.076;0.0051;0.0006;0.93179;96;0.18875;22;7.634;34.68;10.26;1.642.305.228;6.861.113.503;1.111.093.308;0.706648183
Talcaruca;10øC;1500ppm;0.004;-4.105.189.278;0.480;0.320;3.080;0.010;0.232;0.057;0.003;0.0011;0.90162;221;0.155;35;7.634;34.68;10.26;9.319.374.047;3.841.756.143;0.619781409;0.394176981
Talcaruca;15øC;500ppm;0.0143;-4.054.929.923;0.450;0.430;1.130;-0.002;0.310;0.057;0.0046;-0.0004;0.9625;209;0.11047;23;8.058;34.07;15.36;1.157.805.072;1.878.427.748;1.892.477.759;1.214.427.108
Talcaruca;15øC;500ppm;0.0083;-429.239.044;0.120;-0.010;0.240;0.028;0.336;0.052;0.0049;0.0004;0.89755;113;0.08344;10;8.058;34.07;15.36;1.152.715.223;1.869.699.094;1.883.501.512;1.208.666.936
Talcaruca;15øC;500ppm;0.0127;-4.115.682.529;0.300;-0.270;0.250;0.019;0.280;0.059;0.0048;0.0002;0.83326;237;0.1239;31;8.058;34.07;15.36;167.764.118;2.768.280.525;2.810.691.957;1.803.656.867
Talcaruca;15øC;500ppm;0.0121;-4.055.082.105;0.310;1.150;0.510;-0.004;0.302;0.065;0.0066;0.0009;0.87442;379;0.0564;25;8.058;34.07;15.36;9.145.206.331;1.460.712.469;1.463.879.671;0.939390251
Talcaruca;15øC;1500ppm;0.0052;-4.257.731.979;0.320;1.110;-0.070;0.012;0.308;0.058;0.0044;0.0005;0.92785;323;0.08969;29;7.703.692.434;34.07;15.70;2.211.275.553;963.629.664;1.799.342.019;1.155.537.608
Talcaruca;15øC;1500ppm;0.0093;-4.230.440.943;0.160;0.650;-0.850;0.008;0.272;0.060;0.0049;0.0013;0.95944;3.752.816;0.09235;335.655;7.703.692.434;34.07;15.70;2.273.192.792;991.005.568;1.850.662.861;1.188.495.857
Talcaruca;15øC;1500ppm;0.0119;-4.451.171.473;0.080;0.640;0.560;0.022;0.300;0.049;0.0035;0.0006;0.99708;3.995.087;0.07485;305.018;7.703.692.434;34.07;15.70;3.070.409.017;1.343.435.565;2.511.533.639;161.290.713
Talcaruca;15øC;1500ppm;0.008;-4.609.539.987;0.460;0.390;0.630;0.012;0.258;0.027;0.0024;0.0012;0.84543;1.991.012;0.07657;170.862;7.703.692.434;34.07;15.70;1.935.382.701;8.416.376.283;1.570.682.324;1.008.692.331
